TP_FUNDO;CNPJ_FUNDO;DENOM_SOCIAL;DT_COMPTC;TP_APLIC;TP_ATIVO;EMISSOR_LIGADO;TP_NEGOC;QT_VENDA_NEGOC;VL_VENDA_NEGOC;QT_AQUIS_NEGOC;VL_AQUIS_NEGOC;QT_POS_FINAL;VL_MERC_POS_FINAL;VL_CUSTO_POS_FINAL;DT_CONFID_APLIC;CD_SWAP;DS_SWAP
FI;01.622.154/0001-88;BRADESCO FUNDO DE INVESTIMENTO RENDA FIXA HOUSTON;2023-01-31;DIFERENCIAL DE SWAP A PAGAR;SWAP;;;;;;;;7497116.38;;;SDL;DI1 X IAP
FI;02.668.201/0001-97;BNP PARIBAS EQD BRAZIL FUND FUNDO DE INVESTIMENTO MULTIMERCADO CREDITO PRIVADO INVEST. NO EXTERIOR;2023-01-31;DIFERENCIAL DE SWAP A PAGAR;SWAP;;;;;;;;149745.89;;2023-05-01;SDP;DI1 X PRE
FI;02.668.201/0001-97;BNP PARIBAS EQD BRAZIL FUND FUNDO DE INVESTIMENTO MULTIMERCADO CREDITO PRIVADO INVEST. NO EXTERIOR;2023-01-31;DIFERENCIAL DE SWAP A PAGAR;SWAP;;;;;;;;287749083.12;;2023-05-01;Outros;999 X 999
FI;02.668.201/0001-97;BNP PARIBAS EQD BRAZIL FUND FUNDO DE INVESTIMENTO MULTIMERCADO CREDITO PRIVADO INVEST. NO EXTERIOR;2023-01-31;DIFERENCIAL DE SWAP A RECEBER;SWAP;;;;;;;;302368009.43;;2023-05-01;Outros;999 X 999
FI;02.727.085/0001-30;MÁXIMA  FMP - FGTS  PETROBRAS;2023-01-31;DIFERENCIAL DE SWAP A PAGAR;SWAP;;;;;;;;0.00;;;SDP;DI1 X PRE
FI;02.885.730/0001-42;KONA FUNDO DE INVESTIMENTO MULTIMERCADO CREDITO PRIVADO INVESTIMENTO NO EXTERIOR;2023-01-31;DIFERENCIAL DE SWAP A RECEBER;SWAP;;;;;;;;85103712.52;;;SDP;DI1 X PRE
FI;03.737.188/0001-43;FUNDO DE INVESTIMENTO CAIXA MULTIMERCADO RV 30 LONGO PRAZO;2023-01-31;DIFERENCIAL DE SWAP A PAGAR;SWAP;;;;;;;;1413172.96;;;Outros;999 X 999
FI;03.737.188/0001-43;FUNDO DE INVESTIMENTO CAIXA MULTIMERCADO RV 30 LONGO PRAZO;2023-01-31;DIFERENCIAL DE SWAP A RECEBER;SWAP;;;;;;;;2056500.68;;;Outros;999 X 999
FI;03.919.474/0001-20;BANESTES  FMP - FGTS  PETROBRAS;2023-01-31;DIFERENCIAL DE SWAP A PAGAR;SWAP;;;;;;;;0.00;;;SDP;DI1 X PRE
FI;04.085.474/0001-34;CREDIT SUISSE PRÓPRIO FUNDO DE INVESTIMENTO MULTIMERCADO CREDITO PRIVADO INVESTIMENTO NO EXTERIOR;2023-01-31;DIFERENCIAL DE SWAP A PAGAR;SWAP;;;;;;;;61497041.82;;2023-05-01;SDL;DI1 X IAP
FI;04.085.474/0001-34;CREDIT SUISSE PRÓPRIO FUNDO DE INVESTIMENTO MULTIMERCADO CREDITO PRIVADO INVESTIMENTO NO EXTERIOR;2023-01-31;DIFERENCIAL DE SWAP A PAGAR;SWAP;;;;;;;;1905364.32;;2023-05-01;SBP;TBF X PRE
FI;04.085.474/0001-34;CREDIT SUISSE PRÓPRIO FUNDO DE INVESTIMENTO MULTIMERCADO CREDITO PRIVADO INVESTIMENTO NO EXTERIOR;2023-01-31;DIFERENCIAL DE SWAP A PAGAR;SWAP;;;;;;;;124523972.31;;2023-05-01;SDP;DI1 X PRE
FI;04.085.474/0001-34;CREDIT SUISSE PRÓPRIO FUNDO DE INVESTIMENTO MULTIMERCADO CREDITO PRIVADO INVESTIMENTO NO EXTERIOR;2023-01-31;DIFERENCIAL DE SWAP A PAGAR;SWAP;;;;;;;;5643412.51;;2023-05-01;SBD;SB1 X DI1
FI;04.085.474/0001-34;CREDIT SUISSE PRÓPRIO FUNDO DE INVESTIMENTO MULTIMERCADO CREDITO PRIVADO INVESTIMENTO NO EXTERIOR;2023-01-31;DIFERENCIAL DE SWAP A RECEBER;SWAP;;;;;;;;2109803.17;;2023-05-01;SCP;DOL X PRE
FI;04.085.474/0001-34;CREDIT SUISSE PRÓPRIO FUNDO DE INVESTIMENTO MULTIMERCADO CREDITO PRIVADO INVESTIMENTO NO EXTERIOR;2023-01-31;DIFERENCIAL DE SWAP A RECEBER;SWAP;;;;;;;;8063135.31;;2023-05-01;SPB;PRE X SB1
FI;04.085.474/0001-34;CREDIT SUISSE PRÓPRIO FUNDO DE INVESTIMENTO MULTIMERCADO CREDITO PRIVADO INVESTIMENTO NO EXTERIOR;2023-01-31;DIFERENCIAL DE SWAP A RECEBER;SWAP;;;;;;;;120197900.65;;2023-05-01;SDP;DI1 X PRE
FI;04.085.474/0001-34;CREDIT SUISSE PRÓPRIO FUNDO DE INVESTIMENTO MULTIMERCADO CREDITO PRIVADO INVESTIMENTO NO EXTERIOR;2023-01-31;DIFERENCIAL DE SWAP A RECEBER;SWAP;;;;;;;;75214868.00;;2023-05-01;SDL;DI1 X IAP
FI;04.085.474/0001-34;CREDIT SUISSE PRÓPRIO FUNDO DE INVESTIMENTO MULTIMERCADO CREDITO PRIVADO INVESTIMENTO NO EXTERIOR;2023-01-31;DIFERENCIAL DE SWAP A RECEBER;SWAP;;;;;;;;339955334.32;;2023-05-01;SDC;DI1 X DOL
FI;04.085.474/0001-34;CREDIT SUISSE PRÓPRIO FUNDO DE INVESTIMENTO MULTIMERCADO CREDITO PRIVADO INVESTIMENTO NO EXTERIOR;2023-01-31;DIFERENCIAL DE SWAP A RECEBER;SWAP;;;;;;;;15207596.11;;2023-05-01;SBD;SB1 X DI1
FI;04.262.717/0001-62;FUNDO DE INVESTIMENTO FINANCEIRO MULTIMERCADO CRÉDITO PRIVADO PARIS I;2023-01-31;DIFERENCIAL DE SWAP A RECEBER;SWAP;;;;;;;;3824.47;;2023-05-01;Outros;999 X 999
FI;04.573.108/0001-24;FUNDO DE INVESTIMENTO MULTIMERCADO BARRA VELHA II CRÉDITO PRIVADO;2023-01-31;DIFERENCIAL DE SWAP A RECEBER;SWAP;;;;;;;;428303.59;;;SDL;DI1 X IAP
FI;04.894.428/0001-86;BANESTES FMP-FGTS VALE DO RIO DOCE;2023-01-31;DIFERENCIAL DE SWAP A PAGAR;SWAP;;;;;;;;0.00;;;SDP;DI1 X PRE
FI;05.075.861/0001-52;BB TOP EURO FUNDO DE INVESTIMENTO CAMBIAL LP;2023-01-31;DIFERENCIAL DE SWAP A PAGAR;SWAP;;;;;;;;2678470.34;;;SDE;DI1 X REU
FI;05.075.861/0001-52;BB TOP EURO FUNDO DE INVESTIMENTO CAMBIAL LP;2023-01-31;DIFERENCIAL DE SWAP A RECEBER;SWAP;;;;;;;;2920203.18;;;SDE;DI1 X REU
FI;05.592.116/0001-80;LAWTON MULTIMERCADO EXCLUSIVO FUNDO DE INVESTIMENTO CRÉDITO PRIVADO INVESTIMENTO NO EXTERIOR;2023-01-31;DIFERENCIAL DE SWAP A RECEBER;SWAP;;;;;;;;9388558.04;;2023-05-01;SDE;DI1 X REU
FI;05.754.066/0001-90;FUNDO DE INVESTIMENTO MULTIMERCADO ÁGATA CRÉDITO PRIVADO - INVESTIMENTO NO EXTERIOR;2023-01-31;DIFERENCIAL DE SWAP A PAGAR;SWAP;;;;;;;;432158458.51;;;Outros;999 X 999
FI;05.754.066/0001-90;FUNDO DE INVESTIMENTO MULTIMERCADO ÁGATA CRÉDITO PRIVADO - INVESTIMENTO NO EXTERIOR;2023-01-31;DIFERENCIAL DE SWAP A PAGAR;SWAP;;;;;;;;375899457.75;;;SEP;REU X PRE
FI;05.754.066/0001-90;FUNDO DE INVESTIMENTO MULTIMERCADO ÁGATA CRÉDITO PRIVADO - INVESTIMENTO NO EXTERIOR;2023-01-31;DIFERENCIAL DE SWAP A PAGAR;SWAP;;;;;;;;6434680.89;;;SDL;DI1 X IAP
FI;05.754.066/0001-90;FUNDO DE INVESTIMENTO MULTIMERCADO ÁGATA CRÉDITO PRIVADO - INVESTIMENTO NO EXTERIOR;2023-01-31;DIFERENCIAL DE SWAP A PAGAR;SWAP;;;;;;;;92784801.80;;;SCP;DOL X PRE
FI;05.754.066/0001-90;FUNDO DE INVESTIMENTO MULTIMERCADO ÁGATA CRÉDITO PRIVADO - INVESTIMENTO NO EXTERIOR;2023-01-31;DIFERENCIAL DE SWAP A PAGAR;SWAP;;;;;;;;140225496.14;;;SDE;DI1 X REU
FI;05.754.066/0001-90;FUNDO DE INVESTIMENTO MULTIMERCADO ÁGATA CRÉDITO PRIVADO - INVESTIMENTO NO EXTERIOR;2023-01-31;DIFERENCIAL DE SWAP A RECEBER;SWAP;;;;;;;;189076550.13;;;Outros;999 X 999
FI;05.754.066/0001-90;FUNDO DE INVESTIMENTO MULTIMERCADO ÁGATA CRÉDITO PRIVADO - INVESTIMENTO NO EXTERIOR;2023-01-31;DIFERENCIAL DE SWAP A RECEBER;SWAP;;;;;;;;229151018.31;;;SEP;REU X PRE
FI;05.754.066/0001-90;FUNDO DE INVESTIMENTO MULTIMERCADO ÁGATA CRÉDITO PRIVADO - INVESTIMENTO NO EXTERIOR;2023-01-31;DIFERENCIAL DE SWAP A RECEBER;SWAP;;;;;;;;226367874.01;;;SCP;DOL X PRE
FI;05.754.066/0001-90;FUNDO DE INVESTIMENTO MULTIMERCADO ÁGATA CRÉDITO PRIVADO - INVESTIMENTO NO EXTERIOR;2023-01-31;DIFERENCIAL DE SWAP A RECEBER;SWAP;;;;;;;;121592350.41;;;SDC;DI1 X DOL
FI;05.754.066/0001-90;FUNDO DE INVESTIMENTO MULTIMERCADO ÁGATA CRÉDITO PRIVADO - INVESTIMENTO NO EXTERIOR;2023-01-31;DIFERENCIAL DE SWAP A RECEBER;SWAP;;;;;;;;171076124.66;;;SDE;DI1 X REU
FI;05.754.066/0001-90;FUNDO DE INVESTIMENTO MULTIMERCADO ÁGATA CRÉDITO PRIVADO - INVESTIMENTO NO EXTERIOR;2023-01-31;DIFERENCIAL DE SWAP A RECEBER;SWAP;;;;;;;;33444.67;;;SDP;DI1 X PRE
FI;07.046.169/0001-21;ASCESE FUNDO DE INVESTIMENTOS EM AÇÕES;2023-01-31;DIFERENCIAL DE SWAP A PAGAR;SWAP;;;;;;;;2389353.33;;2023-05-01;Outros;999 X 999
FI;07.046.169/0001-21;ASCESE FUNDO DE INVESTIMENTOS EM AÇÕES;2023-01-31;DIFERENCIAL DE SWAP A RECEBER;SWAP;;;;;;;;5681379.07;;2023-05-01;Outros;999 X 999
FI;07.364.774/0001-40;FUNDO DE INVESTIMENTO MULTIMERCADO CRÉDITO PRIVADO VIENA;2023-01-31;DIFERENCIAL DE SWAP A RECEBER;SWAP;;;;;;;;335395.47;;2023-05-01;SDL;DI1 X IAP
FI;07.664.177/0001-31;FUNDO DE INVESTIMENTO CAIXA MASTER ESTRATEGICO MULTIMERCADO LONGO PRAZO;2023-01-31;DIFERENCIAL DE SWAP A PAGAR;SWAP;;;;;;;;230172.71;;;Outros;999 X 999
FI;07.664.177/0001-31;FUNDO DE INVESTIMENTO CAIXA MASTER ESTRATEGICO MULTIMERCADO LONGO PRAZO;2023-01-31;DIFERENCIAL DE SWAP A RECEBER;SWAP;;;;;;;;242633.03;;;Outros;999 X 999
FI;08.757.704/0001-15;BRAM H FUNDO DE INVESTIMENTO RENDA FIXA RENO;2023-01-31;DIFERENCIAL DE SWAP A PAGAR;SWAP;;;;;;;;698661.76;;;SDL;DI1 X IAP
FI;08.757.704/0001-15;BRAM H FUNDO DE INVESTIMENTO RENDA FIXA RENO;2023-01-31;DIFERENCIAL DE SWAP A RECEBER;SWAP;;;;;;;;20571951.94;;;SDL;DI1 X IAP
FI;08.771.962/0001-56;OITI FUNDO DE INVESTIMENTO MULTIMERCADO CRÉDITO PRIVADO INVESTIMENTO NO EXTERIOR;2023-01-31;DIFERENCIAL DE SWAP A PAGAR;SWAP;;;;;;;;255559596.65;;;SCP;DOL X PRE
FI;08.771.962/0001-56;OITI FUNDO DE INVESTIMENTO MULTIMERCADO CRÉDITO PRIVADO INVESTIMENTO NO EXTERIOR;2023-01-31;DIFERENCIAL DE SWAP A PAGAR;SWAP;;;;;;;;19338170.55;;;SEP;REU X PRE
FI;08.771.975/0001-25;BNP PARIBAS PROPRIETÁRIO FI MULTIMERCADO CRÉDITO PRIVADO - INVESTIMENTO NO EXTERIOR;2023-01-31;DIFERENCIAL DE SWAP A PAGAR;SWAP;;;;;;;;317869978.06;;2023-05-01;SEP;REU X PRE
FI;08.771.975/0001-25;BNP PARIBAS PROPRIETÁRIO FI MULTIMERCADO CRÉDITO PRIVADO - INVESTIMENTO NO EXTERIOR;2023-01-31;DIFERENCIAL DE SWAP A PAGAR;SWAP;;;;;;;;880079889.74;;2023-05-01;SCP;DOL X PRE
FI;08.771.975/0001-25;BNP PARIBAS PROPRIETÁRIO FI MULTIMERCADO CRÉDITO PRIVADO - INVESTIMENTO NO EXTERIOR;2023-01-31;DIFERENCIAL DE SWAP A PAGAR;SWAP;;;;;;;;337507220.44;;2023-05-01;Outros;999 X 999
FI;08.771.975/0001-25;BNP PARIBAS PROPRIETÁRIO FI MULTIMERCADO CRÉDITO PRIVADO - INVESTIMENTO NO EXTERIOR;2023-01-31;DIFERENCIAL DE SWAP A PAGAR;SWAP;;;;;;;;30235208.17;;2023-05-01;SCE;DOL X REU
FI;08.771.975/0001-25;BNP PARIBAS PROPRIETÁRIO FI MULTIMERCADO CRÉDITO PRIVADO - INVESTIMENTO NO EXTERIOR;2023-01-31;DIFERENCIAL DE SWAP A PAGAR;SWAP;;;;;;;;232014336.38;;2023-05-01;SDC;DI1 X DOL
FI;08.771.975/0001-25;BNP PARIBAS PROPRIETÁRIO FI MULTIMERCADO CRÉDITO PRIVADO - INVESTIMENTO NO EXTERIOR;2023-01-31;DIFERENCIAL DE SWAP A PAGAR;SWAP;;;;;;;;1915753.95;;2023-05-01;SDE;DI1 X REU
FI;08.771.975/0001-25;BNP PARIBAS PROPRIETÁRIO FI MULTIMERCADO CRÉDITO PRIVADO - INVESTIMENTO NO EXTERIOR;2023-01-31;DIFERENCIAL DE SWAP A PAGAR;SWAP;;;;;;;;15945048.36;;2023-05-01;SDP;DI1 X PRE
FI;08.771.975/0001-25;BNP PARIBAS PROPRIETÁRIO FI MULTIMERCADO CRÉDITO PRIVADO - INVESTIMENTO NO EXTERIOR;2023-01-31;DIFERENCIAL DE SWAP A PAGAR;SWAP;;;;;;;;59333633.11;;2023-05-01;SDL;DI1 X IAP
FI;08.771.975/0001-25;BNP PARIBAS PROPRIETÁRIO FI MULTIMERCADO CRÉDITO PRIVADO - INVESTIMENTO NO EXTERIOR;2023-01-31;DIFERENCIAL DE SWAP A RECEBER;SWAP;;;;;;;;471031723.30;;2023-05-01;SCP;DOL X PRE
FI;08.771.975/0001-25;BNP PARIBAS PROPRIETÁRIO FI MULTIMERCADO CRÉDITO PRIVADO - INVESTIMENTO NO EXTERIOR;2023-01-31;DIFERENCIAL DE SWAP A RECEBER;SWAP;;;;;;;;348579114.43;;2023-05-01;SEP;REU X PRE
FI;08.771.975/0001-25;BNP PARIBAS PROPRIETÁRIO FI MULTIMERCADO CRÉDITO PRIVADO - INVESTIMENTO NO EXTERIOR;2023-01-31;DIFERENCIAL DE SWAP A RECEBER;SWAP;;;;;;;;1071250037.30;;2023-05-01;SDC;DI1 X DOL
FI;08.771.975/0001-25;BNP PARIBAS PROPRIETÁRIO FI MULTIMERCADO CRÉDITO PRIVADO - INVESTIMENTO NO EXTERIOR;2023-01-31;DIFERENCIAL DE SWAP A RECEBER;SWAP;;;;;;;;432355991.50;;2023-05-01;Outros;999 X 999
FI;08.771.975/0001-25;BNP PARIBAS PROPRIETÁRIO FI MULTIMERCADO CRÉDITO PRIVADO - INVESTIMENTO NO EXTERIOR;2023-01-31;DIFERENCIAL DE SWAP A RECEBER;SWAP;;;;;;;;998060523.96;;2023-05-01;SDP;DI1 X PRE
FI;08.771.975/0001-25;BNP PARIBAS PROPRIETÁRIO FI MULTIMERCADO CRÉDITO PRIVADO - INVESTIMENTO NO EXTERIOR;2023-01-31;DIFERENCIAL DE SWAP A RECEBER;SWAP;;;;;;;;180218160.92;;2023-05-01;SDE;DI1 X REU
FI;08.771.975/0001-25;BNP PARIBAS PROPRIETÁRIO FI MULTIMERCADO CRÉDITO PRIVADO - INVESTIMENTO NO EXTERIOR;2023-01-31;DIFERENCIAL DE SWAP A RECEBER;SWAP;;;;;;;;7900418.36;;2023-05-01;SCE;DOL X REU
FI;09.228.836/0001-12;HORIZON FUNDO DE INVESTIMENTO MULTIMERCADO CRÉDITO PRIVADO INVESTIMENTO NO EXTERIOR;2023-01-31;DIFERENCIAL DE SWAP A PAGAR;SWAP;;;;;;;;17622887.92;;;SDP;DI1 X PRE
FI;09.228.836/0001-12;HORIZON FUNDO DE INVESTIMENTO MULTIMERCADO CRÉDITO PRIVADO INVESTIMENTO NO EXTERIOR;2023-01-31;DIFERENCIAL DE SWAP A PAGAR;SWAP;;;;;;;;9651656.47;;;SDL;DI1 X IAP
FI;09.228.836/0001-12;HORIZON FUNDO DE INVESTIMENTO MULTIMERCADO CRÉDITO PRIVADO INVESTIMENTO NO EXTERIOR;2023-01-31;DIFERENCIAL DE SWAP A RECEBER;SWAP;;;;;;;;29323465.25;;;SDP;DI1 X PRE
FI;09.228.836/0001-12;HORIZON FUNDO DE INVESTIMENTO MULTIMERCADO CRÉDITO PRIVADO INVESTIMENTO NO EXTERIOR;2023-01-31;DIFERENCIAL DE SWAP A RECEBER;SWAP;;;;;;;;25154398.23;;;SDL;DI1 X IAP
FI;09.241.756/0001-05;BRAM H FUNDO DE INVESTIMENTO RENDA FIXA LONGO PRAZO VOLGA;2023-01-31;DIFERENCIAL DE SWAP A PAGAR;SWAP;;;;;;;;44154230.74;;;SDL;DI1 X IAP
FI;09.241.756/0001-05;BRAM H FUNDO DE INVESTIMENTO RENDA FIXA LONGO PRAZO VOLGA;2023-01-31;DIFERENCIAL DE SWAP A RECEBER;SWAP;;;;;;;;21311916.11;;;SDL;DI1 X IAP
FI;09.522.470/0001-90;BRADESCO H FUNDO DE INVESTIMENTO RENDA FIXA LONGO PRAZO PREÇOS;2023-01-31;DIFERENCIAL DE SWAP A PAGAR;SWAP;;;;;;;;2371887.48;;;SDL;DI1 X IAP
FI;09.522.470/0001-90;BRADESCO H FUNDO DE INVESTIMENTO RENDA FIXA LONGO PRAZO PREÇOS;2023-01-31;DIFERENCIAL DE SWAP A RECEBER;SWAP;;;;;;;;3272810.92;;;SDL;DI1 X IAP
FI;09.523.207/0001-15;BRADESCO FUNDO DE INVESTIMENTO MULTIMERCADO TEJO;2023-01-31;DIFERENCIAL DE SWAP A PAGAR;SWAP;;;;;;;;1565733.52;;;SDL;DI1 X IAP
FI;09.523.207/0001-15;BRADESCO FUNDO DE INVESTIMENTO MULTIMERCADO TEJO;2023-01-31;DIFERENCIAL DE SWAP A RECEBER;SWAP;;;;;;;;440474.70;;;SDL;DI1 X IAP
FI;09.577.034/0001-18;CAIEIRAS FUNDO DE INVESTIMENTO MULTIMERCADO - INVESTIMENTO NO EXTERIOR CRÉDITO PRIVADO;2023-01-31;DIFERENCIAL DE SWAP A PAGAR;SWAP;;;;;;;;79096981.03;;;SDP;DI1 X PRE
FI;09.577.034/0001-18;CAIEIRAS FUNDO DE INVESTIMENTO MULTIMERCADO - INVESTIMENTO NO EXTERIOR CRÉDITO PRIVADO;2023-01-31;DIFERENCIAL DE SWAP A RECEBER;SWAP;;;;;;;;1487564.86;;;SDP;DI1 X PRE
FI;09.601.190/0001-77;ÓRAMA OURO FUNDO DE INVESTIMENTO MULTIMERCADO;2023-01-31;DIFERENCIAL DE SWAP A PAGAR;SWAP;;;;;;;;400974.24;;2023-05-01;Outros;999 X 999
FI;09.720.523/0001-87;BB PREV MULTI II FUNDO DE INVESTIMENTO MULTIMERCADO CREDITO PRIVADO;2023-01-31;DIFERENCIAL DE SWAP A PAGAR;SWAP;;;;;;;;23203910.25;;;SDM;DI1 X IGM
FI;09.720.523/0001-87;BB PREV MULTI II FUNDO DE INVESTIMENTO MULTIMERCADO CREDITO PRIVADO;2023-01-31;DIFERENCIAL DE SWAP A RECEBER;SWAP;;;;;;;;5075331.58;;;SFD;IPC X DI1
FI;11.077.957/0001-52;FUNDO DE INVESTIMENTO MULTIMERCADO CRÉDITO PRIVADO ZAMARADI - INVESTIMENTO NO EXTERIOR;2023-01-31;DIFERENCIAL DE SWAP A RECEBER;SWAP;;;;;;;;4461.88;;2023-05-01;Outros;999 X 999
FI;11.286.399/0001-35;SEIVAL FGS MASTER AGRESSIVO FUNDO DE INVESTIMENTO MULTIMERCADO;2023-01-31;DIFERENCIAL DE SWAP A RECEBER;SWAP;;;;;;;;1198498.41;;;Outros;999 X 999
FI;11.769.285/0001-46;SPHERE FUNDO DE INVESTIMENTO MULTIMERCADO - INVESTIMENTO NO EXTERIOR CRÉDITO PRIVADO;2023-01-31;DIFERENCIAL DE SWAP A PAGAR;SWAP;;;;;;;;417819390.90;;;SDC;DI1 X DOL
FI;11.769.285/0001-46;SPHERE FUNDO DE INVESTIMENTO MULTIMERCADO - INVESTIMENTO NO EXTERIOR CRÉDITO PRIVADO;2023-01-31;DIFERENCIAL DE SWAP A PAGAR;SWAP;;;;;;;;195602020.69;;;SCP;DOL X PRE
FI;11.769.285/0001-46;SPHERE FUNDO DE INVESTIMENTO MULTIMERCADO - INVESTIMENTO NO EXTERIOR CRÉDITO PRIVADO;2023-01-31;DIFERENCIAL DE SWAP A PAGAR;SWAP;;;;;;;;240914108.77;;;SDL;DI1 X IAP
FI;11.769.285/0001-46;SPHERE FUNDO DE INVESTIMENTO MULTIMERCADO - INVESTIMENTO NO EXTERIOR CRÉDITO PRIVADO;2023-01-31;DIFERENCIAL DE SWAP A PAGAR;SWAP;;;;;;;;436903262.48;;;Outros;999 X 999
FI;11.769.285/0001-46;SPHERE FUNDO DE INVESTIMENTO MULTIMERCADO - INVESTIMENTO NO EXTERIOR CRÉDITO PRIVADO;2023-01-31;DIFERENCIAL DE SWAP A PAGAR;SWAP;;;;;;;;617617896.35;;;SDP;DI1 X PRE
FI;11.769.285/0001-46;SPHERE FUNDO DE INVESTIMENTO MULTIMERCADO - INVESTIMENTO NO EXTERIOR CRÉDITO PRIVADO;2023-01-31;DIFERENCIAL DE SWAP A RECEBER;SWAP;;;;;;;;1130628007.15;;;SDC;DI1 X DOL
FI;11.769.285/0001-46;SPHERE FUNDO DE INVESTIMENTO MULTIMERCADO - INVESTIMENTO NO EXTERIOR CRÉDITO PRIVADO;2023-01-31;DIFERENCIAL DE SWAP A RECEBER;SWAP;;;;;;;;688200932.17;;;SCP;DOL X PRE
FI;11.769.285/0001-46;SPHERE FUNDO DE INVESTIMENTO MULTIMERCADO - INVESTIMENTO NO EXTERIOR CRÉDITO PRIVADO;2023-01-31;DIFERENCIAL DE SWAP A RECEBER;SWAP;;;;;;;;381097141.93;;;SDL;DI1 X IAP
FI;11.769.285/0001-46;SPHERE FUNDO DE INVESTIMENTO MULTIMERCADO - INVESTIMENTO NO EXTERIOR CRÉDITO PRIVADO;2023-01-31;DIFERENCIAL DE SWAP A RECEBER;SWAP;;;;;;;;141275094.29;;;Outros;999 X 999
FI;11.769.285/0001-46;SPHERE FUNDO DE INVESTIMENTO MULTIMERCADO - INVESTIMENTO NO EXTERIOR CRÉDITO PRIVADO;2023-01-31;DIFERENCIAL DE SWAP A RECEBER;SWAP;;;;;;;;406614000.85;;;SDP;DI1 X PRE
FI;12.083.748/0001-84;KAPITALO MASTER II FUNDO DE INVESTIMENTO MULTIMERCADO;2023-01-31;DIFERENCIAL DE SWAP A PAGAR;SWAP;;;;;;;;16035205.99;;;SCP;DOL X PRE
FI;12.083.748/0001-84;KAPITALO MASTER II FUNDO DE INVESTIMENTO MULTIMERCADO;2023-01-31;DIFERENCIAL DE SWAP A RECEBER;SWAP;;;;;;;;3714099.36;;;SCP;DOL X PRE
FI;12.610.561/0001-91;TOTAL FUNDO DE INVESTIMENTO MULTIMERCADO INVESTIMENTO NO EXTERIOR - CRÉDITO PRIVADO;2023-01-31;DIFERENCIAL DE SWAP A PAGAR;SWAP;;;;;;;;41972280.44;;2023-05-01;SDC;DI1 X DOL
FI;12.610.561/0001-91;TOTAL FUNDO DE INVESTIMENTO MULTIMERCADO INVESTIMENTO NO EXTERIOR - CRÉDITO PRIVADO;2023-01-31;DIFERENCIAL DE SWAP A PAGAR;SWAP;;;;;;;;72141469.92;;2023-05-01;SDL;DI1 X IAP
FI;12.610.561/0001-91;TOTAL FUNDO DE INVESTIMENTO MULTIMERCADO INVESTIMENTO NO EXTERIOR - CRÉDITO PRIVADO;2023-01-31;DIFERENCIAL DE SWAP A RECEBER;SWAP;;;;;;;;92178341.30;;2023-05-01;SDL;DI1 X IAP
FI;13.397.713/0001-82;CASTELNUOVO FUNDO DE INVESTIMENTO MULTIMERCADO CRÉDITO PRIVADO - INVESTIMENTO NO EXTERIOR;2023-01-31;DIFERENCIAL DE SWAP A RECEBER;SWAP;;;;;;;;637.41;;2023-05-01;Outros;999 X 999
FI;13.397.802/0001-29;VINCI PORTIFÓLIO 10 FUNDO DE INVESTIMENTO MULTIMERCADO CRÉDITO PRIVADO - INVESTIMENTO NO EXTERIOR;2023-01-31;DIFERENCIAL DE SWAP A RECEBER;SWAP;;;;;;;;1274.82;;2023-05-01;Outros;999 X 999
FI;13.402.179/0001-55;VINCI ALDEBARAN FUNDO DE INVESTIMENTO MULTIMERCADO CRÉDITO PRIVADO - INVESTIMENTO NO EXTERIOR;2023-01-31;DIFERENCIAL DE SWAP A RECEBER;SWAP;;;;;;;;4461.88;;2023-05-01;Outros;999 X 999
FI;14.239.657/0001-10;FUNDO DE INVESTIMENTO CAIXA MASTER CAPITAL PROTEGIDO IBOVESPA CICLICO I MULTIMERCADO;2023-01-31;DIFERENCIAL DE SWAP A PAGAR;SWAP;;;;;;;;3577917.91;;;SDP;DI1 X PRE
FI;15.037.582/0001-58;BB PREV PUBLICO RF FUNDO DE INVESTIMENTO RENDA FIXA;2023-01-31;DIFERENCIAL DE SWAP A PAGAR;SWAP;;;;;;;;67784907.85;;;SDM;DI1 X IGM
FI;15.037.582/0001-58;BB PREV PUBLICO RF FUNDO DE INVESTIMENTO RENDA FIXA;2023-01-31;DIFERENCIAL DE SWAP A PAGAR;SWAP;;;;;;;;2342793.72;;;SFD;IPC X DI1
FI;15.037.582/0001-58;BB PREV PUBLICO RF FUNDO DE INVESTIMENTO RENDA FIXA;2023-01-31;DIFERENCIAL DE SWAP A RECEBER;SWAP;;;;;;;;10371244.54;;;SFD;IPC X DI1
FI;15.060.253/0001-28;QUARTZ DC PLAN FUNDO DE INVESTIMENTO RENDA FIXA PREVIDENCIÁRIO;2023-01-31;DIFERENCIAL DE SWAP A PAGAR;SWAP;;;;;;;;3039217.22;;;SDL;DI1 X IAP
FI;15.259.071/0001-80;BRADESCO H FUNDO DE INVESTIMENTO RENDA FIXA NILO;2023-01-31;DIFERENCIAL DE SWAP A PAGAR;SWAP;;;;;;;;22104931.92;;;SDL;DI1 X IAP
FI;15.259.071/0001-80;BRADESCO H FUNDO DE INVESTIMENTO RENDA FIXA NILO;2023-01-31;DIFERENCIAL DE SWAP A RECEBER;SWAP;;;;;;;;14299495.84;;;SDL;DI1 X IAP
FI;15.740.377/0001-54;SANTANDER FI DIAMANTINA MULTIMERCADO CRÉDITO PRIVADO INVESTIMENTO NO EXTERIOR;2023-01-31;DIFERENCIAL DE SWAP A PAGAR;SWAP;;;;;;;;291957558.85;;;SDP;DI1 X PRE
FI;15.740.377/0001-54;SANTANDER FI DIAMANTINA MULTIMERCADO CRÉDITO PRIVADO INVESTIMENTO NO EXTERIOR;2023-01-31;DIFERENCIAL DE SWAP A RECEBER;SWAP;;;;;;;;131660740.29;;;SDP;DI1 X PRE
FI;16.569.933/0001-34;Vinci Selection Fundo De Investimento Multimercado;2023-01-31;DIFERENCIAL DE SWAP A RECEBER;SWAP;;;;;;;;14819.83;;2023-05-01;Outros;999 X 999
FI;16.916.060/0001-99;FUNDO DE INVESTIMENTO CAIXA INDEXA OURO MULTIMERCADO LONGO PRAZO;2023-01-31;DIFERENCIAL DE SWAP A PAGAR;SWAP;;;;;;;;601775.55;;;Outros;999 X 999
FI;16.916.060/0001-99;FUNDO DE INVESTIMENTO CAIXA INDEXA OURO MULTIMERCADO LONGO PRAZO;2023-01-31;DIFERENCIAL DE SWAP A RECEBER;SWAP;;;;;;;;939992.64;;;Outros;999 X 999
FI;17.136.919/0001-00;SSMM FUNDO DE INVESTIMENTO MULTIMERCADO CRÉDITO PRIVADO - INVESTIMENTO NO EXTERIOR;2023-01-31;DIFERENCIAL DE SWAP A RECEBER;SWAP;;;;;;;;3187.06;;2023-05-01;Outros;999 X 999
FI;17.136.936/0001-47;EAE FUTURO FUNDO DE INVESTIMENTO MULTIMERCADO CRÉDITO PRIVADO - INVESTIMENTO NO EXTERIOR;2023-01-31;DIFERENCIAL DE SWAP A RECEBER;SWAP;;;;;;;;12748.24;;2023-05-01;Outros;999 X 999
FI;17.137.519/0001-19;EVA FUNDO DE INVESTIMENTO FINANCEIRO MULTIMERCADO CRÉDITO PRIVADO;2023-01-31;DIFERENCIAL DE SWAP A RECEBER;SWAP;;;;;;;;2549.64;;2023-05-01;Outros;999 X 999
FI;17.247.835/0001-43;SOCJOV FUNDO DE INVESTIMENTO MULTIMERCADO CRÉDITO PRIVADO INVESTIMENTO NO EXTERIOR;2023-01-31;DIFERENCIAL DE SWAP A PAGAR;SWAP;;;;;;;;3554607.84;;;SDP;DI1 X PRE
FI;17.518.962/0001-30;TOTA FUNDO DE INVESTIMENTO MULTIMERCADO CRÉDITO PRIVADO INVESTIMENTO NO EXTERIOR;2023-01-31;DIFERENCIAL DE SWAP A RECEBER;SWAP;;;;;;;;3824.47;;2023-05-01;Outros;999 X 999
FI;17.552.646/0001-84;VINCI ONE FUND FUNDO DE INVESTIMENTO MULTIMERCADO CREDITO PRIVADO INVESTIMENTO NO EXTERIOR;2023-01-31;DIFERENCIAL DE SWAP A RECEBER;SWAP;;;;;;;;1274.82;;2023-05-01;Outros;999 X 999
FI;18.033.335/0001-71;SAN GIORGIO 1 FUNDO DE INVESTIMENTO MULTIMERCADO CREDITO PRIVADO INVESTIMENTO NO EXTERIOR;2023-01-31;DIFERENCIAL DE SWAP A RECEBER;SWAP;;;;;;;;1912.23;;2023-05-01;Outros;999 X 999
FI;18.932.519/0001-73;FONTE NOVA FUNDO DE INVESTIMENTO MULTIMERCADO - CRÉDITO PRIVADO - INVESTIMENTO NO EXTERIOR;2023-01-31;DIFERENCIAL DE SWAP A RECEBER;SWAP;;;;;;;;637.41;;2023-05-01;Outros;999 X 999
FI;18.936.155/0001-08;MOXUARA FUNDO DE INVESTIMENTO MULTIMERCADO - CRÉDITO PRIVADO - INVESTIMENTO NO EXTERIOR;2023-01-31;DIFERENCIAL DE SWAP A RECEBER;SWAP;;;;;;;;2549.64;;2023-05-01;Outros;999 X 999
FI;18.936.227/0001-09;VINCI 112 FUNDO DE INVESTIMENTO MULTIMERCADO CRÉDITO PRIVADO INVESTIMENTO NO EXTERIOR;2023-01-31;DIFERENCIAL DE SWAP A RECEBER;SWAP;;;;;;;;1274.82;;2023-05-01;Outros;999 X 999
FI;18.972.424/0001-83;SEVEN GP7 FUNDO DE INVESTIMENTO MULTIMERCADO CRÉDITO PRIVADO INVESTIMENTO NO EXTERIOR;2023-01-31;DIFERENCIAL DE SWAP A RECEBER;SWAP;;;;;;;;250915.38;;2023-05-01;SDL;DI1 X IAP
FI;20.077.432/0001-08;TUCUNA FUNDO DE INVESTIMENTO MULTIMERCADO CREDITO PRIVADO - INVESTIMENTO NO EXTERIOR;2023-01-31;DIFERENCIAL DE SWAP A RECEBER;SWAP;;;;;;;;2549.64;;2023-05-01;Outros;999 X 999
FI;20.077.464/0001-03;BEAGLE FUNDO DE INVESTIMENTO MULTIMERCADO CRÉDITO PRIVADO - INVESTIMENTO NO EXTERIOR;2023-01-31;DIFERENCIAL DE SWAP A RECEBER;SWAP;;;;;;;;2549.64;;2023-05-01;Outros;999 X 999
FI;20.077.480/0001-04;JADE FUNDO DE INVESTIMENTO MULTIMERCADO CRÉDITO PRIVADO - INVESTIMENTO NO EXTERIOR;2023-01-31;DIFERENCIAL DE SWAP A RECEBER;SWAP;;;;;;;;2549.64;;2023-05-01;Outros;999 X 999
FI;20.147.758/0001-64;FUNDO DE INVESTIMENTO MULTIMERCADO FUNBR;2023-01-31;DIFERENCIAL DE SWAP A PAGAR;SWAP;;;;;;;;283018.80;;;SDL;DI1 X IAP
FI;20.147.758/0001-64;FUNDO DE INVESTIMENTO MULTIMERCADO FUNBR;2023-01-31;DIFERENCIAL DE SWAP A RECEBER;SWAP;;;;;;;;233772.01;;;SDL;DI1 X IAP
FI;20.622.306/0001-97;DYNAMO GLOBAL MASTER FUNDO DE INVESTIMENTO EM AÇÕES - INVESTIMENTO NO EXTERIOR;2023-01-31;DIFERENCIAL DE SWAP A PAGAR;SWAP;;;;;;;;6161640.80;;2023-05-01;Outros;999 X 999
FI;20.622.306/0001-97;DYNAMO GLOBAL MASTER FUNDO DE INVESTIMENTO EM AÇÕES - INVESTIMENTO NO EXTERIOR;2023-01-31;DIFERENCIAL DE SWAP A RECEBER;SWAP;;;;;;;;3431896.54;;2023-05-01;Outros;999 X 999
FI;21.082.336/0001-10;BIRO-BIRO FUNDO DE INVESTIMENTO EM AÇÕES - INVESTIMENTO NO EXTERIOR;2023-01-31;DIFERENCIAL DE SWAP A RECEBER;SWAP;;;;;;;;637.41;;2023-05-01;Outros;999 X 999
FI;21.330.341/0001-03;SANTANDER PB STRATUS MULTIMERCADO CRÉDITO PRIVADO FUNDO DE INVESTIMENTO;2023-01-31;DIFERENCIAL DE SWAP A PAGAR;SWAP;;;;;;;;240419.75;;;SDL;DI1 X IAP
FI;22.013.952/0001-82;SANTANDER PB AMÉRICA MULT CRÉD PRIV IE FI;2023-01-31;DIFERENCIAL DE SWAP A PAGAR;SWAP;;;;;;;;383968.98;;2023-05-01;SDP;DI1 X PRE
FI;22.013.978/0001-20;SANTANDER PB TAORMINA MULT CRÉD PRIV FI;2023-01-31;DIFERENCIAL DE SWAP A PAGAR;SWAP;;;;;;;;383968.98;;2023-05-01;SDP;DI1 X PRE
FI;22.681.938/0001-57;LC GLOBAL MASTER FUNDO DE INVESTIMENTO MULTIMERCADO CRÉDITO PRIVADO INVESTIMENTO NO EXTERIOR;2023-01-31;DIFERENCIAL DE SWAP A RECEBER;SWAP;;;;;;;;6839252.47;;2023-05-01;Outros;999 X 999
FI;22.975.153/0001-97;GLADIUS FUNDO DE INVESTIMENTO MULTIMERCADO CRÉDITO PRIVADO INVESTIMENTO NO EXTERIOR;2023-01-31;DIFERENCIAL DE SWAP A PAGAR;SWAP;;;;;;;;94545634.93;;2023-05-01;SDP;DI1 X PRE
FI;22.975.153/0001-97;GLADIUS FUNDO DE INVESTIMENTO MULTIMERCADO CRÉDITO PRIVADO INVESTIMENTO NO EXTERIOR;2023-01-31;DIFERENCIAL DE SWAP A PAGAR;SWAP;;;;;;;;68622005.86;;2023-05-01;SDL;DI1 X IAP
FI;22.975.153/0001-97;GLADIUS FUNDO DE INVESTIMENTO MULTIMERCADO CRÉDITO PRIVADO INVESTIMENTO NO EXTERIOR;2023-01-31;DIFERENCIAL DE SWAP A PAGAR;SWAP;;;;;;;;82493806.10;;2023-05-01;SLP;IAP X PRE
FI;22.975.153/0001-97;GLADIUS FUNDO DE INVESTIMENTO MULTIMERCADO CRÉDITO PRIVADO INVESTIMENTO NO EXTERIOR;2023-01-31;DIFERENCIAL DE SWAP A PAGAR;SWAP;;;;;;;;57543.46;;2023-05-01;SEP;REU X PRE
FI;22.975.153/0001-97;GLADIUS FUNDO DE INVESTIMENTO MULTIMERCADO CRÉDITO PRIVADO INVESTIMENTO NO EXTERIOR;2023-01-31;DIFERENCIAL DE SWAP A PAGAR;SWAP;;;;;;;;2267098.29;;2023-05-01;SNP;IND X PRE
FI;22.975.153/0001-97;GLADIUS FUNDO DE INVESTIMENTO MULTIMERCADO CRÉDITO PRIVADO INVESTIMENTO NO EXTERIOR;2023-01-31;DIFERENCIAL DE SWAP A RECEBER;SWAP;;;;;;;;336036412.14;;2023-05-01;SDP;DI1 X PRE
FI;22.975.153/0001-97;GLADIUS FUNDO DE INVESTIMENTO MULTIMERCADO CRÉDITO PRIVADO INVESTIMENTO NO EXTERIOR;2023-01-31;DIFERENCIAL DE SWAP A RECEBER;SWAP;;;;;;;;1110799545.68;;2023-05-01;SDL;DI1 X IAP
FI;22.975.153/0001-97;GLADIUS FUNDO DE INVESTIMENTO MULTIMERCADO CRÉDITO PRIVADO INVESTIMENTO NO EXTERIOR;2023-01-31;DIFERENCIAL DE SWAP A RECEBER;SWAP;;;;;;;;100944789.00;;2023-05-01;SLP;IAP X PRE
FI;22.975.153/0001-97;GLADIUS FUNDO DE INVESTIMENTO MULTIMERCADO CRÉDITO PRIVADO INVESTIMENTO NO EXTERIOR;2023-01-31;DIFERENCIAL DE SWAP A RECEBER;SWAP;;;;;;;;37939637.46;;2023-05-01;SEP;REU X PRE
FI;22.975.153/0001-97;GLADIUS FUNDO DE INVESTIMENTO MULTIMERCADO CRÉDITO PRIVADO INVESTIMENTO NO EXTERIOR;2023-01-31;DIFERENCIAL DE SWAP A RECEBER;SWAP;;;;;;;;377774.55;;2023-05-01;SNP;IND X PRE
FI;23.720.458/0001-10;FALX FUNDO DE INVESTIMENTO MULTIMERCADO CRÉDITO PRIVADO INVESTIMENTO NO EXTERIOR;2023-01-31;DIFERENCIAL DE SWAP A PAGAR;SWAP;;;;;;;;231953.38;;2023-05-01;SDL;DI1 X IAP
FI;23.720.458/0001-10;FALX FUNDO DE INVESTIMENTO MULTIMERCADO CRÉDITO PRIVADO INVESTIMENTO NO EXTERIOR;2023-01-31;DIFERENCIAL DE SWAP A RECEBER;SWAP;;;;;;;;705784.54;;2023-05-01;SDL;DI1 X IAP
FI;24.018.842/0001-39;SCORPIO FUNDO DE INVESTIMENTO MULTIMERCADO CRÉDITO PRIVADO INVESTIMENTO NO EXTERIOR;2023-01-31;DIFERENCIAL DE SWAP A PAGAR;SWAP;;;;;;;;3548641.11;;2023-05-01;SDL;DI1 X IAP
FI;24.018.842/0001-39;SCORPIO FUNDO DE INVESTIMENTO MULTIMERCADO CRÉDITO PRIVADO INVESTIMENTO NO EXTERIOR;2023-01-31;DIFERENCIAL DE SWAP A RECEBER;SWAP;;;;;;;;231953.38;;2023-05-01;SDL;DI1 X IAP
FI;24.413.805/0001-25;XARÁ FUNDO DE INVESTIMENTO MULTIMERCADO CRÉDITO PRIVADO INVESTIMENTO NO EXTERIOR;2023-01-31;DIFERENCIAL DE SWAP A RECEBER;SWAP;;;;;;;;2549.64;;2023-05-01;Outros;999 X 999
FI;24.413.881/0001-30;GRANADA INVEST FUNDO DE INVESTIMENTO MULTIMERCADO CREDITO PRIVADO INVESTIMENTO NO EXTERIOR;2023-01-31;DIFERENCIAL DE SWAP A RECEBER;SWAP;;;;;;;;2549.64;;2023-05-01;Outros;999 X 999
FI;25.097.687/0001-56;ZUKUNFT FUNDO DE INVESTIMENTO MULTIMERCADO CREDITO PRIVADO INVESTIMENTO NO EXTERIOR;2023-01-31;DIFERENCIAL DE SWAP A RECEBER;SWAP;;;;;;;;637.41;;2023-05-01;Outros;999 X 999
FI;25.423.162/0001-63;VICTORY FUNDO DE INVESTIMENTO MULTIMERCADO CRÉDITO PRIVADO INVESTIMENTO NO EXTERIOR;2023-01-31;DIFERENCIAL DE SWAP A RECEBER;SWAP;;;;;;;;1912.23;;2023-05-01;Outros;999 X 999
FI;26.253.887/0001-13;KGD FUNDO DE INVESTIMENTO MULTIMERCADO CRÉDITO PRIVADO INVESTIMENTO NO EXTERIOR;2023-01-31;DIFERENCIAL DE SWAP A RECEBER;SWAP;;;;;;;;1912.23;;2023-05-01;Outros;999 X 999
FI;26.507.065/0001-11;SANTANDER PB MOGADOURO MULTIMERCADO CRÉDITO PRIVADO FUNDO DE INVESTIMENTO;2023-01-31;DIFERENCIAL DE SWAP A PAGAR;SWAP;;;;;;;;99339.20;;2023-05-01;SDP;DI1 X PRE
FI;26.507.065/0001-11;SANTANDER PB MOGADOURO MULTIMERCADO CRÉDITO PRIVADO FUNDO DE INVESTIMENTO;2023-01-31;DIFERENCIAL DE SWAP A RECEBER;SWAP;;;;;;;;190468.26;;2023-05-01;SDP;DI1 X PRE
FI;26.664.935/0001-66;DEVANT AUDAX FUNDO DE INVESTIMENTO RENDA FIXA LONGO PRAZO CRÉDITO PRIVADO;2023-01-31;DIFERENCIAL DE SWAP A PAGAR;SWAP;;;;;;;;591378.81;;2023-05-01;SDM;DI1 X IGM
FI;26.725.144/0001-07;KPR DIAGRAMA MACRO FUNDO DE INVESTIMENTO MULTIMERCADO LIVRE;2023-01-31;DIFERENCIAL DE SWAP A PAGAR;SWAP;;;;;;;;33884.83;;2023-05-01;Outros;999 X 999
FI;26.725.144/0001-07;KPR DIAGRAMA MACRO FUNDO DE INVESTIMENTO MULTIMERCADO LIVRE;2023-01-31;DIFERENCIAL DE SWAP A RECEBER;SWAP;;;;;;;;200657.43;;2023-05-01;Outros;999 X 999
FI;27.825.196/0001-00;TOTA II FUNDO DE INVESTIMENTO MULTIMERCADO CREDITO PRIVADO INVESTIMENTO NO EXTERIOR;2023-01-31;DIFERENCIAL DE SWAP A RECEBER;SWAP;;;;;;;;3187.06;;2023-05-01;Outros;999 X 999
FI;27.883.656/0001-56;DHF FUNDO DE INVESTIMENTO MULTIMERCADO - INVESTIMENTO NO EXTERIOR CRÉDITO PRIVADO;2023-01-31;DIFERENCIAL DE SWAP A PAGAR;SWAP;;;;;;;;373932.11;;2023-05-01;Outros;999 X 999
FI;27.883.656/0001-56;DHF FUNDO DE INVESTIMENTO MULTIMERCADO - INVESTIMENTO NO EXTERIOR CRÉDITO PRIVADO;2023-01-31;DIFERENCIAL DE SWAP A RECEBER;SWAP;;;;;;;;1250638.72;;2023-05-01;Outros;999 X 999
FI;28.558.411/0001-16;KAPITALO ALPHA GLOBAL MÁSTER FUNDO DE INVESTIMENTO MULTIMERCADO;2023-01-31;DIFERENCIAL DE SWAP A PAGAR;SWAP;;;;;;;;87630.38;;2023-05-01;SCP;DOL X PRE
FI;28.558.411/0001-16;KAPITALO ALPHA GLOBAL MÁSTER FUNDO DE INVESTIMENTO MULTIMERCADO;2023-01-31;DIFERENCIAL DE SWAP A RECEBER;SWAP;;;;;;;;44785.52;;2023-05-01;SCP;DOL X PRE
FI;28.581.136/0001-51;VINLAND LONG BIAS MASTER FUNDO DE INVESTIMENTO MULTIMERCADO;2023-01-31;DIFERENCIAL DE SWAP A PAGAR;SWAP;;;;;;;;66523.43;;2023-05-01;SDP;DI1 X PRE
FI;28.581.136/0001-51;VINLAND LONG BIAS MASTER FUNDO DE INVESTIMENTO MULTIMERCADO;2023-01-31;DIFERENCIAL DE SWAP A RECEBER;SWAP;;;;;;;;432.23;;2023-05-01;SDP;DI1 X PRE
FI;28.581.145/0001-42;VINLAND MACRO MASTER FUNDO DE INVESTIMENTO MULTIMERCADO;2023-01-31;DIFERENCIAL DE SWAP A PAGAR;SWAP;;;;;;;;155952.09;;2023-05-01;SDP;DI1 X PRE
FI;28.581.145/0001-42;VINLAND MACRO MASTER FUNDO DE INVESTIMENTO MULTIMERCADO;2023-01-31;DIFERENCIAL DE SWAP A RECEBER;SWAP;;;;;;;;1013.29;;2023-05-01;SDP;DI1 X PRE
FI;28.692.461/0001-91;VINLAND MACRO PLUS MASTER FUNDO DE INVESTIMENTO MULTIMERCADO;2023-01-31;DIFERENCIAL DE SWAP A PAGAR;SWAP;;;;;;;;266244.80;;2023-05-01;SDP;DI1 X PRE
FI;28.692.461/0001-91;VINLAND MACRO PLUS MASTER FUNDO DE INVESTIMENTO MULTIMERCADO;2023-01-31;DIFERENCIAL DE SWAP A RECEBER;SWAP;;;;;;;;42472.25;;2023-05-01;SDP;DI1 X PRE
FI;29.011.016/0001-81;VINCI PORTIFOLIO 18B FUNDO DE INVESTIMENTO MULTIMERCADO CRÉDITO PRIVADO - INVESTIMENTO NO EXTERIOR;2023-01-31;DIFERENCIAL DE SWAP A RECEBER;SWAP;;;;;;;;9561.18;;2023-05-01;Outros;999 X 999
FI;29.045.966/0001-27;JIANG FUNDO DE INVESTIMENTO MULTIMERCADO CRÉDITO PRIVADO INVESTIMENTO NO EXTERIOR;2023-01-31;DIFERENCIAL DE SWAP A PAGAR;SWAP;;;;;;;;1944054.12;;;SCP;DOL X PRE
FI;29.045.966/0001-27;JIANG FUNDO DE INVESTIMENTO MULTIMERCADO CRÉDITO PRIVADO INVESTIMENTO NO EXTERIOR;2023-01-31;DIFERENCIAL DE SWAP A PAGAR;SWAP;;;;;;;;13811534.87;;;Outros;999 X 999
FI;29.045.966/0001-27;JIANG FUNDO DE INVESTIMENTO MULTIMERCADO CRÉDITO PRIVADO INVESTIMENTO NO EXTERIOR;2023-01-31;DIFERENCIAL DE SWAP A RECEBER;SWAP;;;;;;;;1395145.41;;;Outros;999 X 999
FI;30.102.276/0001-41;SANTANDER HERMES RF FUNDO INCENTIVADO DE INVESTIMENTO EM INFRA;2023-01-31;DIFERENCIAL DE SWAP A PAGAR;SWAP;;;;;;;;58308076.14;;;SDL;DI1 X IAP
FI;30.378.610/0001-94;BRAM FUNDO DE INVESTIMENTO MULTIMERCADO QAA HEDGE;2023-01-31;DIFERENCIAL DE SWAP A PAGAR;SWAP;;;;;;;;733710.06;;;Outros;999 X 999
FI;30.378.610/0001-94;BRAM FUNDO DE INVESTIMENTO MULTIMERCADO QAA HEDGE;2023-01-31;DIFERENCIAL DE SWAP A RECEBER;SWAP;;;;;;;;312420.32;;;Outros;999 X 999
FI;31.846.670/0001-57;VINLAND LONG BIAS PREVIDENCIÁRIO MASTER FUNDO DE INVESTIMENTO MULTIMERCADO;2023-01-31;DIFERENCIAL DE SWAP A PAGAR;SWAP;;;;;;;;11717.20;;2023-05-01;SDP;DI1 X PRE
FI;31.846.670/0001-57;VINLAND LONG BIAS PREVIDENCIÁRIO MASTER FUNDO DE INVESTIMENTO MULTIMERCADO;2023-01-31;DIFERENCIAL DE SWAP A RECEBER;SWAP;;;;;;;;76.14;;2023-05-01;SDP;DI1 X PRE
FI;31.932.658/0001-65;VINLAND MACRO PREVIDENCIÁRIO MASTER FUNDO DE INVESTIMENTO MULTIMERCADO;2023-01-31;DIFERENCIAL DE SWAP A PAGAR;SWAP;;;;;;;;64255.58;;2023-05-01;SDP;DI1 X PRE
FI;31.932.658/0001-65;VINLAND MACRO PREVIDENCIÁRIO MASTER FUNDO DE INVESTIMENTO MULTIMERCADO;2023-01-31;DIFERENCIAL DE SWAP A RECEBER;SWAP;;;;;;;;417.50;;2023-05-01;SDP;DI1 X PRE
FI;33.913.576/0001-07;DB II FIM INVESTIMENTO NO EXTERIOR CRÉDITO PRIVADO;2023-01-31;DIFERENCIAL DE SWAP A PAGAR;SWAP;;;;;;;;72600360.49;;;SDC;DI1 X DOL
FI;33.913.576/0001-07;DB II FIM INVESTIMENTO NO EXTERIOR CRÉDITO PRIVADO;2023-01-31;DIFERENCIAL DE SWAP A PAGAR;SWAP;;;;;;;;80784049.90;;;SCP;DOL X PRE
FI;33.913.576/0001-07;DB II FIM INVESTIMENTO NO EXTERIOR CRÉDITO PRIVADO;2023-01-31;DIFERENCIAL DE SWAP A PAGAR;SWAP;;;;;;;;216759393.15;;;Outros;999 X 999
FI;33.913.576/0001-07;DB II FIM INVESTIMENTO NO EXTERIOR CRÉDITO PRIVADO;2023-01-31;DIFERENCIAL DE SWAP A PAGAR;SWAP;;;;;;;;1223600.00;;;SDP;DI1 X PRE
FI;33.913.576/0001-07;DB II FIM INVESTIMENTO NO EXTERIOR CRÉDITO PRIVADO;2023-01-31;DIFERENCIAL DE SWAP A RECEBER;SWAP;;;;;;;;66471558.65;;;Outros;999 X 999
FI;33.913.576/0001-07;DB II FIM INVESTIMENTO NO EXTERIOR CRÉDITO PRIVADO;2023-01-31;DIFERENCIAL DE SWAP A RECEBER;SWAP;;;;;;;;74379559.49;;;SCP;DOL X PRE
FI;33.913.576/0001-07;DB II FIM INVESTIMENTO NO EXTERIOR CRÉDITO PRIVADO;2023-01-31;DIFERENCIAL DE SWAP A RECEBER;SWAP;;;;;;;;10045479.92;;;SDP;DI1 X PRE
FI;34.369.940/0001-74;ACESSO CONSIGNADOS I FUNDO DE INVESTIMENTO MULTIMERCADO CRÉDITO PRIVADO;2023-01-31;DIFERENCIAL DE SWAP A RECEBER;SWAP;;;;;;;;456399.30;;;SCP;DOL X PRE
FI;34.660.200/0001-92;FUNDO DE INVESTIMENTO CAIXA MASTER ESTRATÉGIA LIVRE MULTIMERCADO LONGO PRAZO;2023-01-31;DIFERENCIAL DE SWAP A PAGAR;SWAP;;;;;;;;2257243.69;;;Outros;999 X 999
FI;34.660.200/0001-92;FUNDO DE INVESTIMENTO CAIXA MASTER ESTRATÉGIA LIVRE MULTIMERCADO LONGO PRAZO;2023-01-31;DIFERENCIAL DE SWAP A RECEBER;SWAP;;;;;;;;2550392.95;;;Outros;999 X 999
FI;34.687.399/0001-42;VINLAND RENDA FIXA ATIVO MASTER LONGO PRAZO FUNDO DE INVESTIMENTO;2023-01-31;DIFERENCIAL DE SWAP A PAGAR;SWAP;;;;;;;;13455.90;;2023-05-01;SDP;DI1 X PRE
FI;34.687.399/0001-42;VINLAND RENDA FIXA ATIVO MASTER LONGO PRAZO FUNDO DE INVESTIMENTO;2023-01-31;DIFERENCIAL DE SWAP A RECEBER;SWAP;;;;;;;;87.43;;2023-05-01;SDP;DI1 X PRE
FI;34.798.972/0001-95;CATOLÉ FUNDO DE INVESTIMENTO MULTIMERCADO CRÉDITO PRIVADO INVESTIMENTO NO EXTERIOR;2023-01-31;DIFERENCIAL DE SWAP A RECEBER;SWAP;;;;;;;;637.41;;2023-05-01;Outros;999 X 999
FI;34.799.086/0001-86;PANAMBY INNO MASTER FUNDO DE INVESTIMENTO MULTIMERCADO;2023-01-31;DIFERENCIAL DE SWAP A RECEBER;SWAP;;;;;;;;61303.13;;;Outros;999 X 999
FI;35.556.444/0001-92;WELLINGTON VENTURA ADVISORY FIA IE;2023-01-31;DIFERENCIAL DE SWAP A PAGAR;SWAP;;;;;;;;165935.00;;2023-05-01;SCP;DOL X PRE
FI;35.556.444/0001-92;WELLINGTON VENTURA ADVISORY FIA IE;2023-01-31;DIFERENCIAL DE SWAP A RECEBER;SWAP;;;;;;;;2585507.35;;2023-05-01;SCP;DOL X PRE
FI;35.690.218/0001-08;BB MULTIMERCADO OURO FUNDO DE INVESTIMENTO;2023-01-31;DIFERENCIAL DE SWAP A PAGAR;SWAP;;;;;;;;260064.30;;;SCO;DOL X OZ1
FI;35.844.942/0001-30;PANAMBY B PREVIDÊNCIA FIFE MÁSTER FUNDO DE INVESTIMENTO MULTIMERCADO;2023-01-31;DIFERENCIAL DE SWAP A RECEBER;SWAP;;;;;;;;20859.32;;;Outros;999 X 999
FI;36.620.991/0001-52;ACE CAPITAL B PREVIDÊNCIA FIFE MASTER FUNDO DE INVESTIMENTO MULTIMERCADO;2023-01-31;DIFERENCIAL DE SWAP A RECEBER;SWAP;;;;;;;;83838.03;;2023-05-01;SCP;DOL X PRE
FI;36.671.672/0001-76;PLURAL OURO  FUNDO DE INVESTIMENTO MULTIMERCADO;2023-01-31;DIFERENCIAL DE SWAP A RECEBER;SWAP;;;;;;;;3321.18;;2023-05-01;Outros;999 X 999
FI;36.671.885/0001-06;CDGS FUNDO DE INVESTIMENTO MULTIMERCADO CRÉDITO PRIVADO INVESTIMENTO NO EXTERIOR;2023-01-31;DIFERENCIAL DE SWAP A PAGAR;SWAP;;;;;;;;974.79;;;SCP;DOL X PRE
FI;36.671.885/0001-06;CDGS FUNDO DE INVESTIMENTO MULTIMERCADO CRÉDITO PRIVADO INVESTIMENTO NO EXTERIOR;2023-01-31;DIFERENCIAL DE SWAP A PAGAR;SWAP;;;;;;;;402649.25;;;SDP;DI1 X PRE
FI;36.771.013/0001-01;TARPON INTERSECTION MASTER FUNDO DE INVESTIMENTO EM AÇÕES;2023-01-31;DIFERENCIAL DE SWAP A RECEBER;SWAP;;;;;;;;361756.42;;2023-05-01;SCP;DOL X PRE
FI;36.771.708/0001-93;STIMA ENERGIA FUNDO DE INVESTIMENTO MULTIMERCADO;2023-01-31;DIFERENCIAL DE SWAP A PAGAR;SWAP;;;;;;;;663042.53;;2023-05-01;SCP;DOL X PRE
FI;36.771.708/0001-93;STIMA ENERGIA FUNDO DE INVESTIMENTO MULTIMERCADO;2023-01-31;DIFERENCIAL DE SWAP A RECEBER;SWAP;;;;;;;;2812149.07;;2023-05-01;SCP;DOL X PRE
FI;37.110.309/0001-44;VINLAND RENDA FIXA ATIVO PREV MASTER LP FI;2023-01-31;DIFERENCIAL DE SWAP A PAGAR;SWAP;;;;;;;;1738.66;;2023-05-01;SDP;DI1 X PRE
FI;37.110.309/0001-44;VINLAND RENDA FIXA ATIVO PREV MASTER LP FI;2023-01-31;DIFERENCIAL DE SWAP A RECEBER;SWAP;;;;;;;;11.29;;2023-05-01;SDP;DI1 X PRE
FI;37.235.820/0001-72;BRAM FUNDO DE INVESTIMENTO MULTIMERCADO OURO USD;2023-01-31;DIFERENCIAL DE SWAP A PAGAR;SWAP;;;;;;;;236276.60;;;Outros;999 X 999
FI;37.235.861/0001-69;BRAM FUNDO DE INVESTIMENTO MULTIMERCADO OURO;2023-01-31;DIFERENCIAL DE SWAP A PAGAR;SWAP;;;;;;;;6504.00;;;Outros;999 X 999
FI;37.332.430/0001-10;PANAMBY INNO MULTIMERCADO FIFE PREVIDENCIÁRIO FUNDO DE INVESTIMENTO;2023-01-31;DIFERENCIAL DE SWAP A RECEBER;SWAP;;;;;;;;12381.74;;;Outros;999 X 999
FI;37.553.253/0001-00;NIMROD FUNDO DE INVESTIMENTO MULTIMERCADO CRÉDITO PRIVADO INVESTIMENTO NO EXTERIOR;2023-01-31;DIFERENCIAL DE SWAP A PAGAR;SWAP;;;;;;;;45821949.31;;2023-05-01;SLP;IAP X PRE
FI;37.553.253/0001-00;NIMROD FUNDO DE INVESTIMENTO MULTIMERCADO CRÉDITO PRIVADO INVESTIMENTO NO EXTERIOR;2023-01-31;DIFERENCIAL DE SWAP A PAGAR;SWAP;;;;;;;;151356764.83;;2023-05-01;SDP;DI1 X PRE
FI;37.553.253/0001-00;NIMROD FUNDO DE INVESTIMENTO MULTIMERCADO CRÉDITO PRIVADO INVESTIMENTO NO EXTERIOR;2023-01-31;DIFERENCIAL DE SWAP A PAGAR;SWAP;;;;;;;;85171656.00;;2023-05-01;SDL;DI1 X IAP
FI;37.553.253/0001-00;NIMROD FUNDO DE INVESTIMENTO MULTIMERCADO CRÉDITO PRIVADO INVESTIMENTO NO EXTERIOR;2023-01-31;DIFERENCIAL DE SWAP A PAGAR;SWAP;;;;;;;;2992671.16;;2023-05-01;SNP;IND X PRE
FI;37.553.253/0001-00;NIMROD FUNDO DE INVESTIMENTO MULTIMERCADO CRÉDITO PRIVADO INVESTIMENTO NO EXTERIOR;2023-01-31;DIFERENCIAL DE SWAP A RECEBER;SWAP;;;;;;;;1275162508.25;;2023-05-01;SDP;DI1 X PRE
FI;37.553.253/0001-00;NIMROD FUNDO DE INVESTIMENTO MULTIMERCADO CRÉDITO PRIVADO INVESTIMENTO NO EXTERIOR;2023-01-31;DIFERENCIAL DE SWAP A RECEBER;SWAP;;;;;;;;46588112.17;;2023-05-01;SLP;IAP X PRE
FI;37.553.253/0001-00;NIMROD FUNDO DE INVESTIMENTO MULTIMERCADO CRÉDITO PRIVADO INVESTIMENTO NO EXTERIOR;2023-01-31;DIFERENCIAL DE SWAP A RECEBER;SWAP;;;;;;;;3155626.10;;2023-05-01;SDL;DI1 X IAP
FI;37.553.253/0001-00;NIMROD FUNDO DE INVESTIMENTO MULTIMERCADO CRÉDITO PRIVADO INVESTIMENTO NO EXTERIOR;2023-01-31;DIFERENCIAL DE SWAP A RECEBER;SWAP;;;;;;;;2237122.06;;2023-05-01;SNP;IND X PRE
FI;37.916.879/0001-26;DYNAMO COUGAR MASTER FUNDO DE INVESTIMENTO EM AÇÕES;2023-01-31;DIFERENCIAL DE SWAP A PAGAR;SWAP;;;;;;;;25024826.43;;2023-05-01;Outros;999 X 999
FI;37.916.879/0001-26;DYNAMO COUGAR MASTER FUNDO DE INVESTIMENTO EM AÇÕES;2023-01-31;DIFERENCIAL DE SWAP A RECEBER;SWAP;;;;;;;;59260858.53;;2023-05-01;Outros;999 X 999
FI;37.985.879/0001-88;J EMERGING MARKETS ADVISORY FUNDO DE INVESTIMENTO EM AÇÕES INVESTIMENTO NO EXTERIOR;2023-01-31;DIFERENCIAL DE SWAP A PAGAR;SWAP;;;;;;;;81746.59;;2023-05-01;SCP;DOL X PRE
FI;37.985.879/0001-88;J EMERGING MARKETS ADVISORY FUNDO DE INVESTIMENTO EM AÇÕES INVESTIMENTO NO EXTERIOR;2023-01-31;DIFERENCIAL DE SWAP A RECEBER;SWAP;;;;;;;;420739.80;;2023-05-01;SCP;DOL X PRE
FI;38.075.003/0001-67;SAF GLOBAL WEALTH FUNDO DE INVESTIMENTO MULTIMERCADO CREDITO PRIVADO INVESTIMENTO NO EXTERIOR;2023-01-31;DIFERENCIAL DE SWAP A RECEBER;SWAP;;;;;;;;133349.40;;;SCP;DOL X PRE
FI;38.077.221/0001-30;WELLINGTON EUROPEAN EQUITY ADVISORY FIA IE;2023-01-31;DIFERENCIAL DE SWAP A PAGAR;SWAP;;;;;;;;21363.37;;2023-05-01;SCP;DOL X PRE
FI;38.077.221/0001-30;WELLINGTON EUROPEAN EQUITY ADVISORY FIA IE;2023-01-31;DIFERENCIAL DE SWAP A RECEBER;SWAP;;;;;;;;292521.06;;2023-05-01;SCP;DOL X PRE
FI;38.090.099/0001-32;VINLAND MACRO II PREV MASTER FUNDO DE INVESTIMENTO MULTIMERCADO;2023-01-31;DIFERENCIAL DE SWAP A PAGAR;SWAP;;;;;;;;161999.65;;2023-05-01;SDP;DI1 X PRE
FI;38.090.099/0001-32;VINLAND MACRO II PREV MASTER FUNDO DE INVESTIMENTO MULTIMERCADO;2023-01-31;DIFERENCIAL DE SWAP A RECEBER;SWAP;;;;;;;;1052.58;;2023-05-01;SDP;DI1 X PRE
FI;38.428.156/0001-40;J CHINA EQUITY ADVISORY FUNDO DE INVESTIMENTO EM AÇÕES INVESTIMENTO NO EXTERIOR;2023-01-31;DIFERENCIAL DE SWAP A PAGAR;SWAP;;;;;;;;345934.12;;2023-05-01;SCP;DOL X PRE
FI;38.428.156/0001-40;J CHINA EQUITY ADVISORY FUNDO DE INVESTIMENTO EM AÇÕES INVESTIMENTO NO EXTERIOR;2023-01-31;DIFERENCIAL DE SWAP A RECEBER;SWAP;;;;;;;;3715622.59;;2023-05-01;SCP;DOL X PRE
FI;38.443.120/0001-36;WELLINGTON ASIA TECHNOLOGY ADVISORY FIA IE;2023-01-31;DIFERENCIAL DE SWAP A PAGAR;SWAP;;;;;;;;267479.22;;2023-05-01;SCP;DOL X PRE
FI;38.443.120/0001-36;WELLINGTON ASIA TECHNOLOGY ADVISORY FIA IE;2023-01-31;DIFERENCIAL DE SWAP A RECEBER;SWAP;;;;;;;;1013641.21;;2023-05-01;SCP;DOL X PRE
FI;38.542.686/0001-15;WELLINGTON EMERGING MARKET DEVELOPMENT ADVISORY FIA IE;2023-01-31;DIFERENCIAL DE SWAP A PAGAR;SWAP;;;;;;;;32522.83;;2023-05-01;SCP;DOL X PRE
FI;38.542.686/0001-15;WELLINGTON EMERGING MARKET DEVELOPMENT ADVISORY FIA IE;2023-01-31;DIFERENCIAL DE SWAP A RECEBER;SWAP;;;;;;;;393114.60;;2023-05-01;SCP;DOL X PRE
FI;38.542.816/0001-10;WELLINGTON ALL-CHINA FOCUS EQUITY ADVISORY FUNDO DE INVESTIMENTO EM AÇÕES IE;2023-01-31;DIFERENCIAL DE SWAP A PAGAR;SWAP;;;;;;;;123617.88;;2023-05-01;SCP;DOL X PRE
FI;38.542.816/0001-10;WELLINGTON ALL-CHINA FOCUS EQUITY ADVISORY FUNDO DE INVESTIMENTO EM AÇÕES IE;2023-01-31;DIFERENCIAL DE SWAP A RECEBER;SWAP;;;;;;;;732079.05;;2023-05-01;SCP;DOL X PRE
FI;38.596.762/0001-75;JUPITER EUROPEAN GROWTH ADVISORY FIA IE;2023-01-31;DIFERENCIAL DE SWAP A PAGAR;SWAP;;;;;;;;25955.87;;2023-05-01;SCP;DOL X PRE
FI;38.596.762/0001-75;JUPITER EUROPEAN GROWTH ADVISORY FIA IE;2023-01-31;DIFERENCIAL DE SWAP A RECEBER;SWAP;;;;;;;;341395.38;;2023-05-01;SCP;DOL X PRE
FI;38.597.751/0001-00;BLACKROCK GLOBAL IMPACT ADVISORY FIA IE;2023-01-31;DIFERENCIAL DE SWAP A PAGAR;SWAP;;;;;;;;8080.21;;2023-05-01;SCP;DOL X PRE
FI;38.597.751/0001-00;BLACKROCK GLOBAL IMPACT ADVISORY FIA IE;2023-01-31;DIFERENCIAL DE SWAP A RECEBER;SWAP;;;;;;;;109102.72;;2023-05-01;SCP;DOL X PRE
FI;38.610.795/0001-22;WELLINGTON VENTURA 30 ADVISORY FUNDO DE INVESTIMENTO EM AÇÕES IE;2023-01-31;DIFERENCIAL DE SWAP A PAGAR;SWAP;;;;;;;;110219.50;;2023-05-01;SCP;DOL X PRE
FI;38.610.795/0001-22;WELLINGTON VENTURA 30 ADVISORY FUNDO DE INVESTIMENTO EM AÇÕES IE;2023-01-31;DIFERENCIAL DE SWAP A RECEBER;SWAP;;;;;;;;2262317.30;;2023-05-01;SCP;DOL X PRE
FI;38.860.913/0001-50;BRAM FUNDO DE INVESTIMENTO MULTIMERCADO CREDIT GREEN;2023-01-31;DIFERENCIAL DE SWAP A RECEBER;SWAP;;;;;;;;25213.91;;;Outros;999 X 999
FI;39.723.190/0001-00;NORDEA GLOBAL STARS ADVISORY FIA IE;2023-01-31;DIFERENCIAL DE SWAP A PAGAR;SWAP;;;;;;;;31959.14;;2023-05-01;SCP;DOL X PRE
FI;39.723.190/0001-00;NORDEA GLOBAL STARS ADVISORY FIA IE;2023-01-31;DIFERENCIAL DE SWAP A RECEBER;SWAP;;;;;;;;470065.35;;2023-05-01;SCP;DOL X PRE
FI;39.723.401/0001-05;BNP PARIBAS CAPITAL PROTEGIDO MASTER SUSTENTABILIDADE AGUA FIM;2023-01-31;DIFERENCIAL DE SWAP A PAGAR;SWAP;;;;;;;;2045481.60;;;SDP;DI1 X PRE
FI;39.723.401/0001-05;BNP PARIBAS CAPITAL PROTEGIDO MASTER SUSTENTABILIDADE AGUA FIM;2023-01-31;DIFERENCIAL DE SWAP A RECEBER;SWAP;;;;;;;;2381445.00;;;Outros;999 X 999
FI;39.774.017/0001-31;FUNDO DE INVESTIMENTO CAIXA MASTER CAPITAL PROTEGIDO BOLSA DE VALORES IV MULTIMERCADO;2023-01-31;DIFERENCIAL DE SWAP A PAGAR;SWAP;;;;;;;;2969411.30;;;SDP;DI1 X PRE
FI;39.851.758/0001-79;PGMPE FUNDO DE INVESTIMENTO MULTIMERCADO CRÉDITO PRIVADO INVESTIMENTO NO EXTERIOR;2023-01-31;DIFERENCIAL DE SWAP A RECEBER;SWAP;;;;;;;;3824.47;;2023-05-01;Outros;999 X 999
FI;39.937.544/0001-10;VINCI SELECTION LONG BIASED FI MULTIMERCADO;2023-01-31;DIFERENCIAL DE SWAP A RECEBER;SWAP;;;;;;;;20333.45;;2023-05-01;Outros;999 X 999
FI;40.021.855/0001-13;BB TOP MULTIMERCADO CARBONO LONGO PRAZO FUNDO DE INVESTIMENTO;2023-01-31;DIFERENCIAL DE SWAP A RECEBER;SWAP;;;;;;;;513102.27;;;SSE;SEL X REU
FI;40.107.636/0001-51;LLF STM FUNDO DE INVESTIMENTO MULTIMERCADO;2023-01-31;DIFERENCIAL DE SWAP A PAGAR;SWAP;;;;;;;;17846218.41;;2023-05-01;Outros;999 X 999
FI;40.127.685/0001-56;VINCI RETORNO REAL FUNDO DE INVESTIMENTO MULTIMERCADO;2023-01-31;DIFERENCIAL DE SWAP A RECEBER;SWAP;;;;;;;;911018.60;;2023-05-01;Outros;999 X 999
FI;40.158.383/0001-45;SAN GIORGIO 3 FUNDO DE INVESTIMENTO MULTIMERCADO CRÉDITO PRIVADO INVESTIMENTO NO EXTERIOR;2023-01-31;DIFERENCIAL DE SWAP A RECEBER;SWAP;;;;;;;;1274.82;;2023-05-01;Outros;999 X 999
FI;40.209.612/0001-03;PEÔNIA FIM CRÉDITO PRIVADO INVESTIMENTO NO EXTERIOR;2023-01-31;DIFERENCIAL DE SWAP A RECEBER;SWAP;;;;;;;;5099.29;;2023-05-01;Outros;999 X 999
FI;40.213.404/0001-88;PRILOU FUNDO DE INVESTIMENTO MULTIMERCADO CRÉDITO PRIVADO INVESTIMENTO NO EXTERIOR;2023-01-31;DIFERENCIAL DE SWAP A RECEBER;SWAP;;;;;;;;637.41;;2023-05-01;Outros;999 X 999
FI;40.225.969/0001-85;TVD FUNDO DE INVESTIMENTO FINANCEIRO MULTIMERCADO CRÉDITO PRIVADO;2023-01-31;DIFERENCIAL DE SWAP A RECEBER;SWAP;;;;;;;;1912.23;;2023-05-01;Outros;999 X 999
FI;40.225.985/0001-78;KLONDIKE FUNDO DE INVESTIMENTO MULTIMERCADO CRÉDITO PRIVADO INVESTIMENTO NO EXTERIOR;2023-01-31;DIFERENCIAL DE SWAP A RECEBER;SWAP;;;;;;;;1274.82;;2023-05-01;Outros;999 X 999
FI;40.225.993/0001-14;APICE FUNDO DE INVESTIMENTO MULTIMERCADO CRÉDITO PRIVADO INVESTIMENTO NO EXTERIOR;2023-01-31;DIFERENCIAL DE SWAP A RECEBER;SWAP;;;;;;;;1274.82;;2023-05-01;Outros;999 X 999
FI;40.226.000/0001-29;GARDÊNIA BZ FUNDO DE INVESTIMENTO MULTIMERCADO CRÉDITO PRIVADO INVESTIMENTO NO EXTERIOR;2023-01-31;DIFERENCIAL DE SWAP A RECEBER;SWAP;;;;;;;;3824.47;;2023-05-01;Outros;999 X 999
FI;40.226.101/0001-08;VINCI MONALISA FUNDO DE INVESTIMENTO MULTIMERCADO CRÉDITO PRIVADO INVESTIMENTO NO EXTERIOR;2023-01-31;DIFERENCIAL DE SWAP A PAGAR;SWAP;;;;;;;;606179.28;;2023-05-01;Outros;999 X 999
FI;40.226.101/0001-08;VINCI MONALISA FUNDO DE INVESTIMENTO MULTIMERCADO CRÉDITO PRIVADO INVESTIMENTO NO EXTERIOR;2023-01-31;DIFERENCIAL DE SWAP A RECEBER;SWAP;;;;;;;;332729.32;;2023-05-01;Outros;999 X 999
FI;40.750.982/0001-53;ABERDEEN CHINA EQUITY ADVISORY FIA IE;2023-01-31;DIFERENCIAL DE SWAP A PAGAR;SWAP;;;;;;;;11556.95;;2023-05-01;SCP;DOL X PRE
FI;40.750.982/0001-53;ABERDEEN CHINA EQUITY ADVISORY FIA IE;2023-01-31;DIFERENCIAL DE SWAP A RECEBER;SWAP;;;;;;;;81271.60;;2023-05-01;SCP;DOL X PRE
FI;40.886.337/0001-62;NOMURA ASIA HIGH CONVICTION ADVISORY FIA IE;2023-01-31;DIFERENCIAL DE SWAP A PAGAR;SWAP;;;;;;;;44895.90;;2023-05-01;SCP;DOL X PRE
FI;40.886.337/0001-62;NOMURA ASIA HIGH CONVICTION ADVISORY FIA IE;2023-01-31;DIFERENCIAL DE SWAP A RECEBER;SWAP;;;;;;;;349181.19;;2023-05-01;SCP;DOL X PRE
FI;40.887.546/0001-20;J ASIA GROWTH ADVISORY FIA IE;2023-01-31;DIFERENCIAL DE SWAP A PAGAR;SWAP;;;;;;;;10821.09;;2023-05-01;SCP;DOL X PRE
FI;40.887.546/0001-20;J ASIA GROWTH ADVISORY FIA IE;2023-01-31;DIFERENCIAL DE SWAP A RECEBER;SWAP;;;;;;;;83326.18;;2023-05-01;SCP;DOL X PRE
FI;40.912.220/0001-06;SELEÇÃO FIFA FUNDO DE INVESTIMENTO MULTIMERCADO CRÉDITO  PRIVADO INVESTIMENTO NO EXTERIOR;2023-01-31;DIFERENCIAL DE SWAP A RECEBER;SWAP;;;;;;;;637.41;;2023-05-01;Outros;999 X 999
FI;40.963.243/0001-40;BOLSA AMERICANA + IPCA FUNDO DE INVESTIMENTO MULTIMERCADO CRÉDITO PRIVADO INVESTIMENTO NO EXTERIOR;2023-01-31;DIFERENCIAL DE SWAP A PAGAR;SWAP;;;;;;;;25540947.90;;2023-05-01;SCP;DOL X PRE
FI;41.593.482/0001-18;VINLAND PLUS MASTER FIA;2023-01-31;DIFERENCIAL DE SWAP A PAGAR;SWAP;;;;;;;;2192.28;;2023-05-01;SDP;DI1 X PRE
FI;41.593.482/0001-18;VINLAND PLUS MASTER FIA;2023-01-31;DIFERENCIAL DE SWAP A RECEBER;SWAP;;;;;;;;14.23;;2023-05-01;SDP;DI1 X PRE
FI;41.733.441/0001-80;FUNDO DE INVESTIMENTO CAIXA MASTER CAPITAL PROTEGIDO CESTA AGRO MULTIMERCADO LONGO PRAZO;2023-01-31;DIFERENCIAL DE SWAP A RECEBER;SWAP;;;;;;;;720003.59;;;SDP;DI1 X PRE
FI;41.745.156/0001-89;BRIDGEWATER DIVERSIFIED MACRO PORTFOLIO FUNDO DE INVESTIMENTO MULTIMERCADO CRÉDITO PRIVADO INVESTIME;2023-01-31;DIFERENCIAL DE SWAP A PAGAR;SWAP;;;;;;;;9809086.66;;2023-05-01;SCP;DOL X PRE
FI;41.745.156/0001-89;BRIDGEWATER DIVERSIFIED MACRO PORTFOLIO FUNDO DE INVESTIMENTO MULTIMERCADO CRÉDITO PRIVADO INVESTIME;2023-01-31;DIFERENCIAL DE SWAP A RECEBER;SWAP;;;;;;;;128676316.49;;2023-05-01;SCP;DOL X PRE
FI;41.907.150/0001-60;CITRINO FUNDO DE INVESTIMENTO MULTIMERCADO INVESTIMENTO NO EXTERIOR;2023-01-31;DIFERENCIAL DE SWAP A PAGAR;SWAP;;;;;;;;0.00;;;SDP;DI1 X PRE
FI;42.101.973/0001-67;Neuberger Berman US Multicap Opportunities Advisory FIA IE;2023-01-31;DIFERENCIAL DE SWAP A PAGAR;SWAP;;;;;;;;3174.12;;2023-05-01;SCP;DOL X PRE
FI;42.101.973/0001-67;Neuberger Berman US Multicap Opportunities Advisory FIA IE;2023-01-31;DIFERENCIAL DE SWAP A RECEBER;SWAP;;;;;;;;75053.47;;2023-05-01;SCP;DOL X PRE
FI;42.120.343/0001-30;FUNDO DE INVESTIMENTO CAIXA MASTER CAPITAL PROTEGIDO BOLSA DE VALORES V MULTIMERCADO LONGO PRAZO;2023-01-31;DIFERENCIAL DE SWAP A PAGAR;SWAP;;;;;;;;1121075.93;;;SDP;DI1 X PRE
FI;42.120.363/0001-00;FUNDO DE INVESTIMENTO CAIXA MASTER HEDGE II MULTIMERCADO LONGO PRAZO;2023-01-31;DIFERENCIAL DE SWAP A PAGAR;SWAP;;;;;;;;4889571.88;;;Outros;999 X 999
FI;42.120.363/0001-00;FUNDO DE INVESTIMENTO CAIXA MASTER HEDGE II MULTIMERCADO LONGO PRAZO;2023-01-31;DIFERENCIAL DE SWAP A RECEBER;SWAP;;;;;;;;2331483.26;;;Outros;999 X 999
FI;42.228.062/0001-03;Threadneedle Global Smaller Companies Advisory FIA IE;2023-01-31;DIFERENCIAL DE SWAP A PAGAR;SWAP;;;;;;;;2519.49;;2023-05-01;SCP;DOL X PRE
FI;42.228.062/0001-03;Threadneedle Global Smaller Companies Advisory FIA IE;2023-01-31;DIFERENCIAL DE SWAP A RECEBER;SWAP;;;;;;;;46664.00;;2023-05-01;SCP;DOL X PRE
FI;42.228.211/0001-26;Nomura Japan High Conviction Advisory FIA IE;2023-01-31;DIFERENCIAL DE SWAP A PAGAR;SWAP;;;;;;;;34070.09;;2023-05-01;SCP;DOL X PRE
FI;42.228.211/0001-26;Nomura Japan High Conviction Advisory FIA IE;2023-01-31;DIFERENCIAL DE SWAP A RECEBER;SWAP;;;;;;;;346167.60;;2023-05-01;SCP;DOL X PRE
FI;42.831.201/0001-80;KAPITALO ZETA MERÍDIA MASTER FUNDO DE INVESTIMENTO EM AÇÕES;2023-01-31;DIFERENCIAL DE SWAP A PAGAR;SWAP;;;;;;;;63077.55;;2023-05-01;SCP;DOL X PRE
FI;42.831.201/0001-80;KAPITALO ZETA MERÍDIA MASTER FUNDO DE INVESTIMENTO EM AÇÕES;2023-01-31;DIFERENCIAL DE SWAP A RECEBER;SWAP;;;;;;;;40428.60;;2023-05-01;SCP;DOL X PRE
FI;42.831.431/0001-40;PORTFÓLIO GAIA FUNDO DE INVESTIMENTO MULTIMERCADO CRÉDITO PRIVADO INVESTIMENTO NO EXTERIOR;2023-01-31;DIFERENCIAL DE SWAP A RECEBER;SWAP;;;;;;;;3187.06;;2023-05-01;Outros;999 X 999
FI;42.888.543/0001-37;CARBYNE PORTFÓLIO ADVISORS SECONDARY FUNDS FUNDO DE INVESTIMENTO MULTIMERCADO CP IE;2023-01-31;DIFERENCIAL DE SWAP A PAGAR;SWAP;;;;;;;;42417.08;;2023-05-01;SCP;DOL X PRE
FI;43.105.489/0001-79;Pictet TR Atlas Titan Advisory FIA IE;2023-01-31;DIFERENCIAL DE SWAP A PAGAR;SWAP;;;;;;;;48330.03;;2023-05-01;SCP;DOL X PRE
FI;43.105.489/0001-79;Pictet TR Atlas Titan Advisory FIA IE;2023-01-31;DIFERENCIAL DE SWAP A RECEBER;SWAP;;;;;;;;210082.06;;2023-05-01;SCP;DOL X PRE
FI;43.210.552/0001-37;Mirova Global Sustainable Equity Advisory FIA IE IS;2023-01-31;DIFERENCIAL DE SWAP A PAGAR;SWAP;;;;;;;;100207.69;;2023-05-01;SCP;DOL X PRE
FI;43.210.552/0001-37;Mirova Global Sustainable Equity Advisory FIA IE IS;2023-01-31;DIFERENCIAL DE SWAP A RECEBER;SWAP;;;;;;;;851747.34;;2023-05-01;SCP;DOL X PRE
FI;43.216.117/0001-10;American Century Focused Innovation Advisory FIA IE;2023-01-31;DIFERENCIAL DE SWAP A PAGAR;SWAP;;;;;;;;14811.85;;2023-05-01;SCP;DOL X PRE
FI;43.216.117/0001-10;American Century Focused Innovation Advisory FIA IE;2023-01-31;DIFERENCIAL DE SWAP A RECEBER;SWAP;;;;;;;;259029.60;;2023-05-01;SCP;DOL X PRE
FI;43.216.244/0001-19;American Century Global Small Cap Advisory FIA IE;2023-01-31;DIFERENCIAL DE SWAP A PAGAR;SWAP;;;;;;;;13465.17;;2023-05-01;SCP;DOL X PRE
FI;43.216.244/0001-19;American Century Global Small Cap Advisory FIA IE;2023-01-31;DIFERENCIAL DE SWAP A RECEBER;SWAP;;;;;;;;264716.73;;2023-05-01;SCP;DOL X PRE
FI;43.771.322/0001-47;LESTE EUROPEAN OPPORTUNITIES FUNDO DE INVESTIMENTO MULTIMERCADO INVESTIMENTO NO EXTERIOR;2023-01-31;DIFERENCIAL DE SWAP A RECEBER;SWAP;;;;;;;;2601.44;;2023-05-01;Outros;999 X 999
FI;43.794.389/0001-05;VINLAND MACRO PREVIDENCIARIO V MASTER MULTIMERCADO FUNDO DE INVESTIMENTO;2023-01-31;DIFERENCIAL DE SWAP A PAGAR;SWAP;;;;;;;;11868.35;;2023-05-01;SDP;DI1 X PRE
FI;43.794.389/0001-05;VINLAND MACRO PREVIDENCIARIO V MASTER MULTIMERCADO FUNDO DE INVESTIMENTO;2023-01-31;DIFERENCIAL DE SWAP A RECEBER;SWAP;;;;;;;;77.11;;2023-05-01;SDP;DI1 X PRE
FI;44.230.764/0001-49;ENTRE RIOS FUNDO DE INVESTIMENTO MULTIMERCADO CRÉDITO PRIVADO INVESTIMENTO NO EXTERIOR;2023-01-31;DIFERENCIAL DE SWAP A RECEBER;SWAP;;;;;;;;1274.82;;2023-05-01;Outros;999 X 999
FI;44.273.805/0001-84;BRAM ALOCAÇÃO SISTEMÁTICA FUNDO DE INVESTIMENTO MULTIMERCADO PRÊMIO DE RISCO ALTERNATIVO;2023-01-31;DIFERENCIAL DE SWAP A RECEBER;SWAP;;;;;;;;296448.34;;;Outros;999 X 999
FI;44.960.864/0001-20;TOTA IV FUNDO DE INVESTIMENTO MULTIMERCADO CRÉDITO PRIVADO INVESTIMENTO NO EXTERIOR;2023-01-31;DIFERENCIAL DE SWAP A RECEBER;SWAP;;;;;;;;3187.06;;2023-05-01;Outros;999 X 999
FI;45.017.343/0001-05;Seilern World Growth Advisory FIA IE;2023-01-31;DIFERENCIAL DE SWAP A PAGAR;SWAP;;;;;;;;7987.40;;2023-05-01;SCP;DOL X PRE
FI;45.017.343/0001-05;Seilern World Growth Advisory FIA IE;2023-01-31;DIFERENCIAL DE SWAP A RECEBER;SWAP;;;;;;;;48933.16;;2023-05-01;SCP;DOL X PRE
FI;45.018.320/0001-07;BNP PARIBAS CAPITAL PROTEGIDO MASTER OPORTUNIDADE GLOBAL II  FUNDO DE INVESTIMENTO MULTIMERCADO;2023-01-31;DIFERENCIAL DE SWAP A PAGAR;SWAP;;;;;;;;591174.89;;2023-05-01;SDP;DI1 X PRE
FI;45.018.320/0001-07;BNP PARIBAS CAPITAL PROTEGIDO MASTER OPORTUNIDADE GLOBAL II  FUNDO DE INVESTIMENTO MULTIMERCADO;2023-01-31;DIFERENCIAL DE SWAP A RECEBER;SWAP;;;;;;;;5561257.11;;2023-05-01;Outros;999 X 999
FI;45.104.343/0001-34;FORTUNE SEA GARDEN FUNDO DE INVESTIMENTO MULTIMERCADO CRÉDITO PRIVADO INVESTIMENTO NO EXTERIOR;2023-01-31;DIFERENCIAL DE SWAP A RECEBER;SWAP;;;;;;;;105567.67;;;SCP;DOL X PRE
FI;45.598.691/0001-05;FL BONITA FUNDO DE INVESTIMENTO MULTIMERCADO;2023-01-31;DIFERENCIAL DE SWAP A RECEBER;SWAP;;;;;;;;711638.57;;2023-05-01;Outros;999 X 999
FI;47.731.566/0001-57;PANAMBY D&Y FUNDO DE INVESTIMENTO MULTIMERCADO ICATU PREVIDENCIÁRIO;2023-01-31;DIFERENCIAL DE SWAP A RECEBER;SWAP;;;;;;;;318.70;;;Outros;999 X 999
FI;48.970.281/0001-31;SUGOI FUNDO DE INVESTIMENTO MULTIMERCADO CRÉDITO PRIVADO INVESTIMENTO NO EXTERIOR;2023-01-31;DIFERENCIAL DE SWAP A RECEBER;SWAP;;;;;;;;21733048.34;;2023-05-01;Outros;999 X 999
FI;71.586.432/0001-74;BRAM H FUNDO DE INVESTIMENTO MULTIMERCADO CRÉDITO PRIVADO MULTI;2023-01-31;DIFERENCIAL DE SWAP A PAGAR;SWAP;;;;;;;;9379071.56;;;SDL;DI1 X IAP
FI;71.586.432/0001-74;BRAM H FUNDO DE INVESTIMENTO MULTIMERCADO CRÉDITO PRIVADO MULTI;2023-01-31;DIFERENCIAL DE SWAP A RECEBER;SWAP;;;;;;;;3298026.64;;;SDL;DI1 X IAP
